{
  "model_name": "bert-base-uncased",
  "evaluation_modes": {
    "mode_a": "Natural Stratified Distribution Evaluation",
    "mode_b": "Controlled Domain & Category-Balanced Evaluation"
  },
  "evaluated_documents": 3000,
  "masking_rate": 0.15,
  "general_tokens_summary": {
    "masked_sample_count": 14317,
    "mlm_loss": 3.5583504246915836,
    "mlm_loss_derived_exponential": 35.105240618300975,
    "top1_accuracy": 0.40357616819166026,
    "top5_accuracy": 0.6168191660264022,
    "top10_accuracy": 0.6802402738003772
  },
  "maritime_tokens_summary": {
    "masked_sample_count": 5920,
    "mlm_loss": 4.86693904192176,
    "mlm_loss_derived_exponential": 129.9226199292663,
    "top1_accuracy": 0.2778716216216216,
    "top5_accuracy": 0.44003378378378377,
    "top10_accuracy": 0.5173986486486486
  },
  "rare_maritime_tokens_summary": {
    "masked_sample_count": 218,
    "mlm_loss": 4.847101879364746,
    "mlm_loss_derived_exponential": 127.37071872076099,
    "top1_accuracy": 0.3440366972477064,
    "top5_accuracy": 0.4541284403669725,
    "top10_accuracy": 0.5137614678899083
  },
  "category_breakdown": {
    "vessel_terminology": {
      "masked_sample_count": 4950,
      "mlm_loss": 4.882171581617996,
      "mlm_loss_derived_exponential": 131.91682121042803,
      "top1_accuracy": 0.2917171717171717,
      "top5_accuracy": 0.44545454545454544,
      "top10_accuracy": 0.5127272727272727
    },
    "navigation": {
      "masked_sample_count": 223,
      "mlm_loss": 4.8215609843927,
      "mlm_loss_derived_exponential": 124.15874946153708,
      "top1_accuracy": 0.34977578475336324,
      "top5_accuracy": 0.45739910313901344,
      "top10_accuracy": 0.515695067264574
    },
    "machinery_propulsion": {
      "masked_sample_count": 96,
      "mlm_loss": 5.31411962180088,
      "mlm_loss_derived_exponential": 203.18555423232868,
      "top1_accuracy": 0.2916666666666667,
      "top5_accuracy": 0.3958333333333333,
      "top10_accuracy": 0.4583333333333333
    },
    "casualty_incident": {
      "masked_sample_count": 321,
      "mlm_loss": 2.3006379180341217,
      "mlm_loss_derived_exponential": 9.980547195553878,
      "top1_accuracy": 0.5887850467289719,
      "top5_accuracy": 0.7538940809968847,
      "top10_accuracy": 0.8161993769470405
    },
    "weather_environment": {
      "masked_sample_count": 737,
      "mlm_loss": 4.593086387056053,
      "mlm_loss_derived_exponential": 98.79889169767677,
      "top1_accuracy": 0.19538670284938942,
      "top5_accuracy": 0.4260515603799186,
      "top10_accuracy": 0.5671641791044776
    },
    "safety_lifesaving": {
      "masked_sample_count": 17,
      "mlm_loss": 2.4429450668754082,
      "mlm_loss_derived_exponential": 11.506879419171018,
      "top1_accuracy": 0.5882352941176471,
      "top5_accuracy": 0.7647058823529411,
      "top10_accuracy": 0.7647058823529411
    }
  },
  "performance_gap_top1": 0.12570454657003866,
  "general_tokens_top1": 0.40357616819166026,
  "maritime_tokens_top1": 0.2778716216216216,
  "rare_maritime_tokens_top1": 0.3440366972477064
}