{
  "total_documents": 96714,
  "total_characters": 20671676,
  "total_tokens_words": 3277542,
  "maritime_information_density_mid": 1.0019703790218402,
  "length_stats": {
    "mean": 33.88901296606489,
    "median": 36.0,
    "std": 15.001868852973136,
    "min": 4,
    "max": 513,
    "percentiles": {
      "P10": 10.0,
      "P25": 25.0,
      "P50": 36.0,
      "P75": 44.0,
      "P90": 50.0,
      "P95": 53.0
    },
    "buckets": {
      "<20": 18259,
      "20-50": 68640,
      "50-100": 9615,
      "100-200": 176,
      "200-512": 23,
      ">512": 1
    }
  },
  "vocabulary_size": 42762,
  "type_token_ratio": 0.01304697239577708,
  "type_token_ratio_lexical_diversity": 0.01304697239577708,
  "shannon_entropy": 8.243753355621793,
  "template_scaffolding_ratio": 0.664217575243887,
  "template_pattern_concentration": 0.41886386665839487,
  "duplication": {
    "sentence_duplicate_ratio": 0.07406732465411925,
    "paragraph_duplicate_ratio": 5.1698823334778155e-05,
    "scaffold_reduced_near_duplicate_rate": 0.2058
  },
  "top_raw_bigrams": [
    [
      "a marine",
      56214
    ],
    [
      "marine occurrence",
      56204
    ],
    [
      "registered in",
      54318
    ],
    [
      "with a",
      52375
    ],
    [
      "constructed of",
      50902
    ],
    [
      "a gross",
      50211
    ],
    [
      "gross tonnage",
      50211
    ],
    [
      "tonnage of",
      50211
    ],
    [
      "gt registered",
      50166
    ],
    [
      "in canada",
      43949
    ]
  ],
  "top_domain_bigrams": [
    [
      "the vessel",
      12109
    ],
    [
      "the fishing",
      11648
    ],
    [
      "fishing vessel",
      8232
    ],
    [
      "on board",
      6993
    ],
    [
      "people on",
      5763
    ],
    [
      "in the",
      5380
    ],
    [
      "vessel was",
      5343
    ],
    [
      "board reported",
      4659
    ],
    [
      "reported being",
      3770
    ],
    [
      "being disabled",
      3697
    ]
  ],
  "top_domain_trigrams": [
    [
      "the fishing vessel",
      6832
    ],
    [
      "people on board",
      5752
    ],
    [
      "on board reported",
      4657
    ],
    [
      "the vessel was",
      4535
    ],
    [
      "reported being disabled",
      3582
    ],
    [
      "canadian coast guard",
      3461
    ],
    [
      "the canadian coast",
      3264
    ],
    [
      "board reported being",
      2864
    ],
    [
      "the bulk carrier",
      2497
    ],
    [
      "the cargo solid",
      2297
    ]
  ],
  "top_domain_4grams": [
    [
      "people on board reported",
      4395
    ],
    [
      "the canadian coast guard",
      3258
    ],
    [
      "on board reported being",
      2863
    ],
    [
      "board reported being disabled",
      2776
    ],
    [
      "the vessel was towed",
      2013
    ],
    [
      "reported being disabled with",
      1927
    ],
    [
      "canadian coast guard ship",
      1924
    ],
    [
      "3 people on board",
      1733
    ],
    [
      "with 3 people on",
      1727
    ],
    [
      "by the canadian coast",
      1714
    ]
  ]
}