{
  "total_documents": 117889,
  "total_characters": 26347523,
  "total_tokens_words": 4033904,
  "length_stats": {
    "mean": 34.21781506332228,
    "median": 35.0,
    "std": 18.616033443643897,
    "min": 5,
    "max": 1244,
    "percentiles": {
      "P10": 13.0,
      "P25": 21.0,
      "P50": 35.0,
      "P75": 45.0,
      "P90": 51.0,
      "P95": 56.0
    },
    "buckets": {
      "<20": 27689,
      "20-50": 74993,
      "50-100": 14702,
      "100-200": 401,
      "200-512": 94,
      ">512": 10
    }
  },
  "vocabulary_size": 43173,
  "type_token_ratio": 0.010702535310706453,
  "type_token_ratio_lexical_diversity": 0.010702535310706453,
  "shannon_entropy": 8.448922770600037,
  "template_scaffolding_ratio": 0.5481935117940337,
  "template_pattern_concentration": 0.428284233473861,
  "duplication": {
    "sentence_duplicate_ratio": 0.162075022912757,
    "paragraph_duplicate_ratio": 5.9377889370493264e-05,
    "scaffold_reduced_near_duplicate_rate": 0.1624
  },
  "top_raw_bigrams": [
    [
      "in the",
      51653
    ],
    [
      "experienced a",
      51114
    ],
    [
      "when it",
      50577
    ],
    [
      "a marine",
      50500
    ],
    [
      "it experienced",
      50493
    ],
    [
      "marine occurrence",
      50490
    ],
    [
      "registered in",
      49583
    ],
    [
      "with a",
      48528
    ],
    [
      "constructed of",
      46676
    ],
    [
      "operating in",
      46670
    ]
  ],
  "top_domain_bigrams": [
    [
      "the fishing",
      29328
    ],
    [
      "magnetic compass",
      28140
    ],
    [
      "vhf radio",
      26093
    ],
    [
      "note formerly",
      18853
    ],
    [
      "formerly occno",
      18853
    ],
    [
      "gyro compass",
      16212
    ],
    [
      "mfhf radio",
      13950
    ],
    [
      "automatic pilot",
      13226
    ],
    [
      "the cargo",
      13003
    ],
    [
      "loran c",
      12799
    ]
  ],
  "top_domain_trigrams": [
    [
      "note formerly occno",
      18853
    ],
    [
      "the cargo solid",
      10526
    ],
    [
      "engaged in fishing",
      8805
    ],
    [
      "in fishing operations",
      8800
    ],
    [
      "the fishing vessel",
      6833
    ],
    [
      "fishing operations under",
      6319
    ],
    [
      "people on board",
      5752
    ],
    [
      "compass magnetic compass",
      5705
    ],
    [
      "data extraction status",
      4962
    ],
    [
      "extraction status pending",
      4962
    ]
  ],
  "top_domain_4grams": [
    [
      "engaged in fishing operations",
      8799
    ],
    [
      "phase engaged in fishing",
      7857
    ],
    [
      "in fishing operations under",
      6295
    ],
    [
      "data extraction status pending",
      4962
    ],
    [
      "people on board reported",
      4395
    ],
    [
      "magnetic compass magnetic compass",
      3978
    ],
    [
      "vhf radio vhf radio",
      3787
    ],
    [
      "operational status for radar",
      3431
    ],
    [
      "cargo under clear weather",
      3384
    ],
    [
      "with solid bulk cargo",
      3319
    ]
  ]
}