{
  "total_documents": 74548,
  "total_characters": 20081181,
  "total_tokens_words": 3143904,
  "average_document_length_words": 42.172881901593605,
  "median_document_length_words": 35.0,
  "vocabulary_size": 42853,
  "type_token_ratio_lexical_diversity": 0.01363050525715798,
  "shannon_entropy": 8.379902807558055,
  "duplicate_sentence_ratio": 0.5131881592978065,
  "duplicate_paragraph_ratio": 5.365670440526937e-05,
  "document_length_distribution": {
    "0-50 words": 51868,
    "50-100 words": 17875,
    "100-200 words": 4739,
    "200-500 words": 64,
    "500-1000 words": 2,
    "1000-10000 words": 0
  },
  "top_50_terms": [
    [
      "the",
      249506
    ],
    [
      "vessel",
      99258
    ],
    [
      "of",
      98831
    ],
    [
      "a",
      79935
    ],
    [
      "in",
      66073
    ],
    [
      "was",
      63290
    ],
    [
      "with",
      59674
    ],
    [
      "to",
      50488
    ],
    [
      "on",
      49339
    ],
    [
      "conditions",
      47631
    ],
    [
      "at",
      39488
    ],
    [
      "reported",
      38849
    ],
    [
      "and",
      36977
    ],
    [
      "occurrence",
      35398
    ],
    [
      "time",
      33722
    ],
    [
      "as",
      33030
    ],
    [
      "while",
      31329
    ],
    [
      "fishing",
      28912
    ],
    [
      "is",
      26918
    ],
    [
      "registered",
      25756
    ],
    [
      "during",
      23744
    ],
    [
      "no",
      23338
    ],
    [
      "constructed",
      23212
    ],
    [
      "gt",
      22629
    ],
    [
      "gross",
      22615
    ],
    [
      "tonnage",
      22615
    ],
    [
      "occurred",
      22453
    ],
    [
      "sea",
      21047
    ],
    [
      "encountering",
      20425
    ],
    [
      "environmental",
      20421
    ],
    [
      "radio",
      20374
    ],
    [
      "injuries",
      19894
    ],
    [
      "navigation",
      19559
    ],
    [
      "underway",
      19492
    ],
    [
      "or",
      19490
    ],
    [
      "weather",
      19464
    ],
    [
      "aids",
      19328
    ],
    [
      "included",
      19322
    ],
    [
      "canada",
      18959
    ],
    [
      "board",
      18286
    ],
    [
      "damage",
      18134
    ],
    [
      "formerly",
      18025
    ],
    [
      "note",
      18020
    ],
    [
      "occno",
      18018
    ],
    [
      "compass",
      17866
    ],
    [
      "meters",
      17232
    ],
    [
      "this",
      16589
    ],
    [
      "connection",
      16304
    ],
    [
      "fatalities",
      16283
    ],
    [
      "sustained",
      16018
    ]
  ],
  "top_10_bigrams": [
    [
      "the vessel",
      65510
    ],
    [
      "vessel was",
      36658
    ],
    [
      "of the",
      36215
    ],
    [
      "the occurrence",
      35310
    ],
    [
      "at the",
      34339
    ],
    [
      "the time",
      33453
    ],
    [
      "time of",
      33367
    ],
    [
      "is a",
      26532
    ],
    [
      "registered in",
      25713
    ],
    [
      "with a",
      24789
    ]
  ],
  "top_10_trigrams": [
    [
      "the vessel was",
      36033
    ],
    [
      "at the time",
      33441
    ],
    [
      "the time of",
      33360
    ],
    [
      "time of the",
      33351
    ],
    [
      "of the occurrence",
      28533
    ],
    [
      "the occurrence the",
      24610
    ],
    [
      "occurrence the vessel",
      24603
    ],
    [
      "with a gross",
      22615
    ],
    [
      "a gross tonnage",
      22615
    ],
    [
      "gross tonnage of",
      22615
    ]
  ]
}