{
  "total_documents": 310035,
  "total_characters": 52586651,
  "total_tokens_words": 8273295,
  "average_document_length_words": 26.685035560501234,
  "median_document_length_words": 17.0,
  "vocabulary_size": 43933,
  "type_token_ratio_lexical_diversity": 0.005310217996578147,
  "shannon_entropy": 8.358963562272137,
  "duplicate_sentence_ratio": 0.3507239511839575,
  "duplicate_paragraph_ratio": 0.0005257470930701835,
  "document_length_distribution": {
    "0-50 words": 277440,
    "50-100 words": 20180,
    "100-200 words": 11604,
    "200-500 words": 792,
    "500-1000 words": 19,
    "1000-10000 words": 0
  },
  "top_50_terms": [
    [
      "the",
      684559
    ],
    [
      "of",
      255784
    ],
    [
      "was",
      238789
    ],
    [
      "a",
      215375
    ],
    [
      "vessel",
      196725
    ],
    [
      "and",
      164389
    ],
    [
      "on",
      148372
    ],
    [
      "in",
      148128
    ],
    [
      "with",
      117024
    ],
    [
      "radio",
      104647
    ],
    [
      "compass",
      104257
    ],
    [
      "reported",
      101401
    ],
    [
      "radar",
      89212
    ],
    [
      "gt",
      88453
    ],
    [
      "gross",
      88439
    ],
    [
      "tonnage",
      88439
    ],
    [
      "as",
      88438
    ],
    [
      "is",
      79699
    ],
    [
      "board",
      76447
    ],
    [
      "during",
      73818
    ],
    [
      "canada",
      71812
    ],
    [
      "to",
      71757
    ],
    [
      "constructed",
      71062
    ],
    [
      "fishing",
      69330
    ],
    [
      "magnetic",
      67735
    ],
    [
      "occurrence",
      65675
    ],
    [
      "vhf",
      63685
    ],
    [
      "at",
      62691
    ],
    [
      "underway",
      60074
    ],
    [
      "navigation",
      59209
    ],
    [
      "hull",
      57395
    ],
    [
      "incident",
      56656
    ],
    [
      "registered",
      55522
    ],
    [
      "time",
      52549
    ],
    [
      "were",
      52504
    ],
    [
      "conditions",
      50337
    ],
    [
      "weather",
      49086
    ],
    [
      "echosounder",
      47637
    ],
    [
      "included",
      47431
    ],
    [
      "inactive",
      42902
    ],
    [
      "propulsion",
      42246
    ],
    [
      "voyage",
      41639
    ],
    [
      "has",
      41433
    ],
    [
      "steel",
      41266
    ],
    [
      "sea",
      40139
    ],
    [
      "for",
      38978
    ],
    [
      "under",
      38896
    ],
    [
      "propeller",
      38601
    ],
    [
      "moving",
      38272
    ],
    [
      "ahead",
      38020
    ]
  ],
  "top_10_bigrams": [
    [
      "the vessel",
      150795
    ],
    [
      "a gross",
      88439
    ],
    [
      "gross tonnage",
      88439
    ],
    [
      "tonnage of",
      88439
    ],
    [
      "on board",
      76332
    ],
    [
      "constructed of",
      71058
    ],
    [
      "magnetic compass",
      67735
    ],
    [
      "the occurrence",
      65586
    ],
    [
      "vhf radio",
      63655
    ],
    [
      "with a",
      59013
    ]
  ],
  "top_10_trigrams": [
    [
      "a gross tonnage",
      88439
    ],
    [
      "gross tonnage of",
      88439
    ],
    [
      "at the time",
      52066
    ],
    [
      "the time of",
      51985
    ],
    [
      "time of the",
      51975
    ],
    [
      "with a gross",
      47135
    ],
    [
      "of the occurrence",
      42595
    ],
    [
      "has a gross",
      41304
    ],
    [
      "registered in canada",
      40996
    ],
    [
      "underway moving ahead",
      37929
    ]
  ]
}