{
  "total_documents": 73316,
  "total_characters": 16218036,
  "total_tokens_words": 2555505,
  "average_document_length_words": 34.8560341535272,
  "median_document_length_words": 31.0,
  "vocabulary_size": 42702,
  "type_token_ratio_lexical_diversity": 0.01670980882447892,
  "shannon_entropy": 8.7457385264153,
  "duplicate_sentence_ratio": 0.2977136381815758,
  "duplicate_paragraph_ratio": 5.4558350155442525e-05,
  "document_length_distribution": {
    "0-50 words": 58189,
    "50-100 words": 14229,
    "100-200 words": 872,
    "200-500 words": 24,
    "500-1000 words": 2,
    "1000-10000 words": 0
  },
  "top_50_terms": [
    [
      "the",
      131430
    ],
    [
      "in",
      99092
    ],
    [
      "and",
      55021
    ],
    [
      "on",
      51663
    ],
    [
      "a",
      50597
    ],
    [
      "of",
      48865
    ],
    [
      "was",
      46582
    ],
    [
      "while",
      45843
    ],
    [
      "underway",
      44426
    ],
    [
      "to",
      43952
    ],
    [
      "vessel",
      43492
    ],
    [
      "with",
      41137
    ],
    [
      "reported",
      35504
    ],
    [
      "an",
      28826
    ],
    [
      "fishing",
      28614
    ],
    [
      "occurrence",
      27100
    ],
    [
      "involved",
      26431
    ],
    [
      "registered",
      25313
    ],
    [
      "gt",
      22303
    ],
    [
      "gross",
      22289
    ],
    [
      "tonnage",
      22289
    ],
    [
      "radio",
      20438
    ],
    [
      "canada",
      18592
    ],
    [
      "damage",
      18151
    ],
    [
      "formerly",
      18025
    ],
    [
      "note",
      18020
    ],
    [
      "occno",
      18018
    ],
    [
      "compass",
      17935
    ],
    [
      "weather",
      17876
    ],
    [
      "meters",
      16697
    ],
    [
      "seas",
      16126
    ],
    [
      "sustained",
      16035
    ],
    [
      "no",
      15742
    ],
    [
      "cargo",
      15332
    ],
    [
      "as",
      14492
    ],
    [
      "radar",
      13790
    ],
    [
      "magnetic",
      12698
    ],
    [
      "were",
      12624
    ],
    [
      "moving",
      12438
    ],
    [
      "ahead",
      12362
    ],
    [
      "echosounder",
      12160
    ],
    [
      "vhf",
      11572
    ],
    [
      "board",
      11227
    ],
    [
      "clear",
      10760
    ],
    [
      "equipment",
      10261
    ],
    [
      "navigation",
      10255
    ],
    [
      "included",
      10018
    ],
    [
      "inactive",
      10011
    ],
    [
      "crew",
      9909
    ],
    [
      "minor",
      9786
    ]
  ],
  "top_10_bigrams": [
    [
      "involved in",
      26411
    ],
    [
      "was involved",
      26268
    ],
    [
      "in an",
      26258
    ],
    [
      "an occurrence",
      26206
    ],
    [
      "the vessel",
      25939
    ],
    [
      "registered in",
      25270
    ],
    [
      "while underway",
      24923
    ],
    [
      "with a",
      24463
    ],
    [
      "a gross",
      22289
    ],
    [
      "gross tonnage",
      22289
    ]
  ],
  "top_10_trigrams": [
    [
      "was involved in",
      26267
    ],
    [
      "involved in an",
      26208
    ],
    [
      "in an occurrence",
      26204
    ],
    [
      "with a gross",
      22289
    ],
    [
      "a gross tonnage",
      22289
    ],
    [
      "gross tonnage of",
      22289
    ],
    [
      "gt registered in",
      22260
    ],
    [
      "while underway underway",
      19412
    ],
    [
      "registered in canada",
      18481
    ],
    [
      "in canada was",
      18481
    ]
  ]
}